role,login_identifier,password,gym_id,display_name
Super Admin,superadmin,SuperAdmin@123,,Super Admin
Gym Admin,fitzone_admin,Demo@123,b2edbb38-ee01-4d17-94b6-1b3303807b91,Priya Sharma
Trainer,fitzone_trainer1,Demo@123,b2edbb38-ee01-4d17-94b6-1b3303807b91,Trainer 1
Trainer,fitzone_trainer2,Demo@123,b2edbb38-ee01-4d17-94b6-1b3303807b91,Trainer 2
Trainer,fitzone_trainer3,Demo@123,b2edbb38-ee01-4d17-94b6-1b3303807b91,Trainer 3
Trainer,fitzone_trainer4,Demo@123,b2edbb38-ee01-4d17-94b6-1b3303807b91,Trainer 4
Trainer,fitzone_trainer5,Demo@123,b2edbb38-ee01-4d17-94b6-1b3303807b91,Trainer 5
Member,fitzone_member001,Demo@123,b2edbb38-ee01-4d17-94b6-1b3303807b91,Member 1
Member,fitzone_member002,Demo@123,b2edbb38-ee01-4d17-94b6-1b3303807b91,Member 2
Member,fitzone_member003,Demo@123,b2edbb38-ee01-4d17-94b6-1b3303807b91,Member 3
Member,fitzone_member004,Demo@123,b2edbb38-ee01-4d17-94b6-1b3303807b91,Member 4
Member,fitzone_member005,Demo@123,b2edbb38-ee01-4d17-94b6-1b3303807b91,Member 5
Member,fitzone_member006,Demo@123,b2edbb38-ee01-4d17-94b6-1b3303807b91,Member 6
Member,fitzone_member007,Demo@123,b2edbb38-ee01-4d17-94b6-1b3303807b91,Member 7
Member,fitzone_member008,Demo@123,b2edbb38-ee01-4d17-94b6-1b3303807b91,Member 8
Member,fitzone_member009,Demo@123,b2edbb38-ee01-4d17-94b6-1b3303807b91,Member 9
Member,fitzone_member010,Demo@123,b2edbb38-ee01-4d17-94b6-1b3303807b91,Member 10
Member,fitzone_member011,Demo@123,b2edbb38-ee01-4d17-94b6-1b3303807b91,Member 11
Member,fitzone_member012,Demo@123,b2edbb38-ee01-4d17-94b6-1b3303807b91,Member 12
Member,fitzone_member013,Demo@123,b2edbb38-ee01-4d17-94b6-1b3303807b91,Member 13
Member,fitzone_member014,Demo@123,b2edbb38-ee01-4d17-94b6-1b3303807b91,Member 14
Member,fitzone_member015,Demo@123,b2edbb38-ee01-4d17-94b6-1b3303807b91,Member 15
Member,fitzone_member016,Demo@123,b2edbb38-ee01-4d17-94b6-1b3303807b91,Member 16
Member,fitzone_member017,Demo@123,b2edbb38-ee01-4d17-94b6-1b3303807b91,Member 17
Member,fitzone_member018,Demo@123,b2edbb38-ee01-4d17-94b6-1b3303807b91,Member 18
Member,fitzone_member019,Demo@123,b2edbb38-ee01-4d17-94b6-1b3303807b91,Member 19
Member,fitzone_member020,Demo@123,b2edbb38-ee01-4d17-94b6-1b3303807b91,Member 20
Member,fitzone_member021,Demo@123,b2edbb38-ee01-4d17-94b6-1b3303807b91,Member 21
Member,fitzone_member022,Demo@123,b2edbb38-ee01-4d17-94b6-1b3303807b91,Member 22
Member,fitzone_member023,Demo@123,b2edbb38-ee01-4d17-94b6-1b3303807b91,Member 23
Member,fitzone_member024,Demo@123,b2edbb38-ee01-4d17-94b6-1b3303807b91,Member 24
Member,fitzone_member025,Demo@123,b2edbb38-ee01-4d17-94b6-1b3303807b91,Member 25
Member,fitzone_member026,Demo@123,b2edbb38-ee01-4d17-94b6-1b3303807b91,Member 26
Member,fitzone_member027,Demo@123,b2edbb38-ee01-4d17-94b6-1b3303807b91,Member 27
Member,fitzone_member028,Demo@123,b2edbb38-ee01-4d17-94b6-1b3303807b91,Member 28
Member,fitzone_member029,Demo@123,b2edbb38-ee01-4d17-94b6-1b3303807b91,Member 29
Member,fitzone_member030,Demo@123,b2edbb38-ee01-4d17-94b6-1b3303807b91,Member 30
Member,fitzone_member031,Demo@123,b2edbb38-ee01-4d17-94b6-1b3303807b91,Member 31
Member,fitzone_member032,Demo@123,b2edbb38-ee01-4d17-94b6-1b3303807b91,Member 32
Member,fitzone_member033,Demo@123,b2edbb38-ee01-4d17-94b6-1b3303807b91,Member 33
Member,fitzone_member034,Demo@123,b2edbb38-ee01-4d17-94b6-1b3303807b91,Member 34
Member,fitzone_member035,Demo@123,b2edbb38-ee01-4d17-94b6-1b3303807b91,Member 35
Member,fitzone_member036,Demo@123,b2edbb38-ee01-4d17-94b6-1b3303807b91,Member 36
Member,fitzone_member037,Demo@123,b2edbb38-ee01-4d17-94b6-1b3303807b91,Member 37
Member,fitzone_member038,Demo@123,b2edbb38-ee01-4d17-94b6-1b3303807b91,Member 38
Member,fitzone_member039,Demo@123,b2edbb38-ee01-4d17-94b6-1b3303807b91,Member 39
Member,fitzone_member040,Demo@123,b2edbb38-ee01-4d17-94b6-1b3303807b91,Member 40
Member,fitzone_member041,Demo@123,b2edbb38-ee01-4d17-94b6-1b3303807b91,Member 41
Member,fitzone_member042,Demo@123,b2edbb38-ee01-4d17-94b6-1b3303807b91,Member 42
Member,fitzone_member043,Demo@123,b2edbb38-ee01-4d17-94b6-1b3303807b91,Member 43
Member,fitzone_member044,Demo@123,b2edbb38-ee01-4d17-94b6-1b3303807b91,Member 44
Member,fitzone_member045,Demo@123,b2edbb38-ee01-4d17-94b6-1b3303807b91,Member 45
Member,fitzone_member046,Demo@123,b2edbb38-ee01-4d17-94b6-1b3303807b91,Member 46
Member,fitzone_member047,Demo@123,b2edbb38-ee01-4d17-94b6-1b3303807b91,Member 47
Member,fitzone_member048,Demo@123,b2edbb38-ee01-4d17-94b6-1b3303807b91,Member 48
Member,fitzone_member049,Demo@123,b2edbb38-ee01-4d17-94b6-1b3303807b91,Member 49
Member,fitzone_member050,Demo@123,b2edbb38-ee01-4d17-94b6-1b3303807b91,Member 50
Member,fitzone_member051,Demo@123,b2edbb38-ee01-4d17-94b6-1b3303807b91,Member 51
Member,fitzone_member052,Demo@123,b2edbb38-ee01-4d17-94b6-1b3303807b91,Member 52
Member,fitzone_member053,Demo@123,b2edbb38-ee01-4d17-94b6-1b3303807b91,Member 53
Member,fitzone_member054,Demo@123,b2edbb38-ee01-4d17-94b6-1b3303807b91,Member 54
Member,fitzone_member055,Demo@123,b2edbb38-ee01-4d17-94b6-1b3303807b91,Member 55
Member,fitzone_member056,Demo@123,b2edbb38-ee01-4d17-94b6-1b3303807b91,Member 56
Member,fitzone_member057,Demo@123,b2edbb38-ee01-4d17-94b6-1b3303807b91,Member 57
Member,fitzone_member058,Demo@123,b2edbb38-ee01-4d17-94b6-1b3303807b91,Member 58
Member,fitzone_member059,Demo@123,b2edbb38-ee01-4d17-94b6-1b3303807b91,Member 59
Member,fitzone_member060,Demo@123,b2edbb38-ee01-4d17-94b6-1b3303807b91,Member 60
Member,fitzone_member061,Demo@123,b2edbb38-ee01-4d17-94b6-1b3303807b91,Member 61
Member,fitzone_member062,Demo@123,b2edbb38-ee01-4d17-94b6-1b3303807b91,Member 62
Member,fitzone_member063,Demo@123,b2edbb38-ee01-4d17-94b6-1b3303807b91,Member 63
Member,fitzone_member064,Demo@123,b2edbb38-ee01-4d17-94b6-1b3303807b91,Member 64
Member,fitzone_member065,Demo@123,b2edbb38-ee01-4d17-94b6-1b3303807b91,Member 65
Member,fitzone_member066,Demo@123,b2edbb38-ee01-4d17-94b6-1b3303807b91,Member 66
Member,fitzone_member067,Demo@123,b2edbb38-ee01-4d17-94b6-1b3303807b91,Member 67
Member,fitzone_member068,Demo@123,b2edbb38-ee01-4d17-94b6-1b3303807b91,Member 68
Member,fitzone_member069,Demo@123,b2edbb38-ee01-4d17-94b6-1b3303807b91,Member 69
Member,fitzone_member070,Demo@123,b2edbb38-ee01-4d17-94b6-1b3303807b91,Member 70
Member,fitzone_member071,Demo@123,b2edbb38-ee01-4d17-94b6-1b3303807b91,Member 71
Member,fitzone_member072,Demo@123,b2edbb38-ee01-4d17-94b6-1b3303807b91,Member 72
Member,fitzone_member073,Demo@123,b2edbb38-ee01-4d17-94b6-1b3303807b91,Member 73
Member,fitzone_member074,Demo@123,b2edbb38-ee01-4d17-94b6-1b3303807b91,Member 74
Member,fitzone_member075,Demo@123,b2edbb38-ee01-4d17-94b6-1b3303807b91,Member 75
Member,fitzone_member076,Demo@123,b2edbb38-ee01-4d17-94b6-1b3303807b91,Member 76
Member,fitzone_member077,Demo@123,b2edbb38-ee01-4d17-94b6-1b3303807b91,Member 77
Member,fitzone_member078,Demo@123,b2edbb38-ee01-4d17-94b6-1b3303807b91,Member 78
Member,fitzone_member079,Demo@123,b2edbb38-ee01-4d17-94b6-1b3303807b91,Member 79
Member,fitzone_member080,Demo@123,b2edbb38-ee01-4d17-94b6-1b3303807b91,Member 80
Member,fitzone_member081,Demo@123,b2edbb38-ee01-4d17-94b6-1b3303807b91,Member 81
Member,fitzone_member082,Demo@123,b2edbb38-ee01-4d17-94b6-1b3303807b91,Member 82
Member,fitzone_member083,Demo@123,b2edbb38-ee01-4d17-94b6-1b3303807b91,Member 83
Member,fitzone_member084,Demo@123,b2edbb38-ee01-4d17-94b6-1b3303807b91,Member 84
Member,fitzone_member085,Demo@123,b2edbb38-ee01-4d17-94b6-1b3303807b91,Member 85
Member,fitzone_member086,Demo@123,b2edbb38-ee01-4d17-94b6-1b3303807b91,Member 86
Member,fitzone_member087,Demo@123,b2edbb38-ee01-4d17-94b6-1b3303807b91,Member 87
Member,fitzone_member088,Demo@123,b2edbb38-ee01-4d17-94b6-1b3303807b91,Member 88
Member,fitzone_member089,Demo@123,b2edbb38-ee01-4d17-94b6-1b3303807b91,Member 89
Member,fitzone_member090,Demo@123,b2edbb38-ee01-4d17-94b6-1b3303807b91,Member 90
Member,fitzone_member091,Demo@123,b2edbb38-ee01-4d17-94b6-1b3303807b91,Member 91
Member,fitzone_member092,Demo@123,b2edbb38-ee01-4d17-94b6-1b3303807b91,Member 92
Member,fitzone_member093,Demo@123,b2edbb38-ee01-4d17-94b6-1b3303807b91,Member 93
Member,fitzone_member094,Demo@123,b2edbb38-ee01-4d17-94b6-1b3303807b91,Member 94
Member,fitzone_member095,Demo@123,b2edbb38-ee01-4d17-94b6-1b3303807b91,Member 95
Member,fitzone_member096,Demo@123,b2edbb38-ee01-4d17-94b6-1b3303807b91,Member 96
Member,fitzone_member097,Demo@123,b2edbb38-ee01-4d17-94b6-1b3303807b91,Member 97
Member,fitzone_member098,Demo@123,b2edbb38-ee01-4d17-94b6-1b3303807b91,Member 98
Member,fitzone_member099,Demo@123,b2edbb38-ee01-4d17-94b6-1b3303807b91,Member 99
Member,fitzone_member100,Demo@123,b2edbb38-ee01-4d17-94b6-1b3303807b91,Member 100
